{"cameraMode":{"drawMode":0,"name":"Shaded","section":"Shading Mode"},"sceneLighting":false,"audioPlay":false,"sceneViewState":{"m_AlwaysRefresh":false,"showFog":true,"showSkybox":false,"showFlares":true,"showImageEffects":true,"showParticleSystems":true,"showVisualEffectGraphs":true,"m_FxEnabled":true},"in2DMode":false,"pivot":{"x":0.0937567949295044,"y":-0.15531182289123536,"z":-0.06258296966552735},"rotation":{"x":0.18163931369781495,"y":-0.3055143654346466,"z":0.059472326189279559,"w":0.932817280292511},"size":3.189375877380371,"orthographic":false}