{"cameraMode":{"drawMode":0,"name":"Shaded","section":"Shading Mode"},"sceneLighting":false,"audioPlay":false,"sceneViewState":{"m_AlwaysRefresh":false,"showFog":true,"showSkybox":false,"showFlares":true,"showImageEffects":true,"showParticleSystems":true,"showVisualEffectGraphs":true,"m_FxEnabled":true},"in2DMode":false,"pivot":{"x":4.107463836669922,"y":2.041086196899414,"z":-1.5679168701171876},"rotation":{"x":0.2043527513742447,"y":0.008802211843430996,"z":-0.0018548070220276714,"w":0.978864848613739},"size":27.806833267211915,"orthographic":false}