{"cameraMode":{"drawMode":0,"name":"Shaded","section":"Shading Mode"},"sceneLighting":false,"audioPlay":false,"sceneViewState":{"m_AlwaysRefresh":false,"showFog":true,"showSkybox":false,"showFlares":true,"showImageEffects":true,"showParticleSystems":true,"showVisualEffectGraphs":true,"m_FxEnabled":true},"in2DMode":false,"pivot":{"x":0.0043735504150390629,"y":-0.044370174407958987,"z":0.0586627721786499},"rotation":{"x":0.06181542947888374,"y":0.21242965757846833,"z":-0.013477837666869164,"w":0.9751367568969727},"size":2.7480010986328127,"orthographic":false}