{"cameraMode":{"drawMode":0,"name":"Shaded","section":"Shading Mode"},"sceneLighting":false,"audioPlay":false,"sceneViewState":{"m_AlwaysRefresh":false,"showFog":true,"showSkybox":false,"showFlares":true,"showImageEffects":true,"showParticleSystems":true,"showVisualEffectGraphs":true,"m_FxEnabled":true},"in2DMode":false,"pivot":{"x":0.12433820962905884,"y":-0.14662718772888184,"z":0.16574573516845704},"rotation":{"x":0.19443148374557496,"y":-0.197126567363739,"z":0.03990385681390762,"w":0.9600844979286194},"size":3.5583980083465578,"orthographic":false}