{"cameraMode":{"drawMode":0,"name":"Shaded","section":"Shading Mode"},"sceneLighting":false,"audioPlay":false,"sceneViewState":{"m_AlwaysRefresh":false,"showFog":true,"showSkybox":false,"showFlares":true,"showImageEffects":true,"showParticleSystems":true,"showVisualEffectGraphs":true,"m_FxEnabled":true},"in2DMode":false,"pivot":{"x":-0.3589348793029785,"y":-0.3536405563354492,"z":0.0881357192993164},"rotation":{"x":0.18163931369781495,"y":-0.3055143654346466,"z":0.059472326189279559,"w":0.932817280292511},"size":9.588744163513184,"orthographic":false}